name,text,source
"日本国憲法","日本国民は、正当に選挙された国会における代表者を通じて行動し、われらとわれらの子孫のために、諸国民との協和による成果と、わが国全土にわたつて自由のもたらす恵沢を確保し、政府の行為によつて再び戦争の惨禍が起ることのないやうにすることを決意し、ここに主権が国民に存することを宣言し、この憲法を確定する。そもそも国政は、国民の厳粛な信託によるものであつて、その権威は国民に由来し、その権力は国民の代表者がこれを行使し、その福利は国民がこれを享受する。これは人類普遍の原理であり、この憲法は、かかる原理に基くものである。われらは、これに反する一切の憲法、法令及び詔勅を排除する。日本国民は、恒久の平和を念願し、人間相互の関係を支配する崇高な理想を深く自覚するのであつて、平和を愛する諸国民の公正と信義に信頼して、われらの安全と生存を保持しようと決意した。われらは、平和を維持し、専制と隷従、圧迫と偏狭を地上から永遠に除去しようと努めてゐる国際社会において、名誉ある地位を占めたいと思ふ。われらは、全世界の国民が、ひとしく恐怖と欠乏から免かれ、平和のうちに生存する権利を有することを確認する。われらは、いづれの国家も、自国のことのみに専念して他国を無視してはならないのであつて、政治道徳の法則は、普遍的なものであり、この法則に従ふことは、自国の主権を維持し、他国と対等関係に立たうとする各国の責務であると信ずる。日本国民は、国家の名誉にかけ、全力をあげてこの崇高な理想と目的を達成することを誓ふ。",https://elaws.e-gov.go.jp/document?lawid=321CONSTITUTION
"高齢社会対策基本法","我が国は、国民のたゆまぬ努力により、かつてない経済的繁栄を築き上げるとともに、人類の願望である長寿を享受できる社会を実現しつつある。今後、長寿をすべての国民が喜びの中で迎え、高齢者が安心して暮らすことのできる社会の形成が望まれる。そのような社会は、すべての国民が安心して暮らすことができる社会でもある。しかしながら、我が国の人口構造の高齢化は極めて急速に進んでおり、遠からず世界に例を見ない水準の高齢社会が到来するものと見込まれているが、高齢化の進展の速度に比べて国民の意識や社会のシステムの対応は遅れている。早急に対応すべき課題は多岐にわたるが、残されている時間は極めて少ない。このような事態に対処して、国民一人一人が生涯にわたって真に幸福を享受できる高齢社会を築き上げていくためには、雇用、年金、医療、福祉、教育、社会参加、生活環境等に係る社会のシステムが高齢社会にふさわしいものとなるよう、不断に見直し、適切なものとしていく必要があり、そのためには、国及び地方公共団体はもとより、企業、地域社会、家庭及び個人が相互に協力しながらそれぞれの役割を積極的に果たしていくことが必要である。ここに、高齢社会対策の基本理念を明らかにしてその方向を示し、国を始め社会全体として高齢社会対策を総合的に推進していくため、この法律を制定する。",https://elaws.e-gov.go.jp/document?lawid=407AC0100000129
"ものづくり基盤技術振興基本法","ものづくり基盤技術は、我が国の基幹的な産業である製造業の発展を支えることにより、生産の拡大、貿易の振興、新産業の創出、雇用の増大等国民経済のあらゆる領域にわたりその発展に寄与するとともに、国民生活の向上に貢献してきた。また、ものづくり基盤技術に係る業務に従事する労働者は、このようなものづくり基盤技術の担い手として、その水準の維持及び向上のために重要な役割を果たしてきた。我らは、このようなものづくり基盤技術及びこれに係る業務に従事する労働者の果たす経済的社会的役割が、国の存立基盤を形成する重要な要素として、今後においても変わることのないことを確信する。しかるに、近時、就業構造の変化、海外の地域における工業化の進展等による競争条件の変化その他の経済の多様かつ構造的な変化による影響を受け、国内総生産に占める製造業の割合が低下し、その衰退が懸念されるとともに、ものづくり基盤技術の継承が困難になりつつある。このような事態に対処して、我が国の国民経済が国の基幹的な産業である製造業の発展を通じて今後とも健全に発展していくためには、ものづくり基盤技術に関する能力を尊重する社会的気運を醸成しつつ、ものづくり基盤技術の積極的な振興を図ることが不可欠である。ここに、ものづくり基盤技術の振興に関する施策を総合的かつ計画的に推進するため、この法律を制定する。",https://elaws.e-gov.go.jp/document?lawid=411AC0100000002
"男女共同参画社会基本法","我が国においては、日本国憲法に個人の尊重と法の下の平等がうたわれ、男女平等の実現に向けた様々な取組が、国際社会における取組とも連動しつつ、着実に進められてきたが、なお一層の努力が必要とされている。一方、少子高齢化の進展、国内経済活動の成熟化等我が国の社会経済情勢の急速な変化に対応していく上で、男女が、互いにその人権を尊重しつつ責任も分かち合い、性別にかかわりなく、その個性と能力を十分に発揮することができる男女共同参画社会の実現は、緊要な課題となっている。このような状況にかんがみ、男女共同参画社会の実現を二十一世紀の我が国社会を決定する最重要課題と位置付け、社会のあらゆる分野において、男女共同参画社会の形成の促進に関する施策の推進を図っていくことが重要である。ここに、男女共同参画社会の形成についての基本理念を明らかにしてその方向を示し、将来に向かって国、地方公共団体及び国民の男女共同参画社会の形成に関する取組を総合的かつ計画的に推進するため、この法律を制定する。",https://elaws.e-gov.go.jp/document?lawid=411AC0000000078
"文化芸術基本法","文化芸術を創造し、享受し、文化的な環境の中で生きる喜びを見出すことは、人々の変わらない願いである。また、文化芸術は、人々の創造性をはぐくみ、その表現力を高めるとともに、人々の心のつながりや相互に理解し尊重し合う土壌を提供し、多様性を受け入れることができる心豊かな社会を形成するものであり、世界の平和に寄与するものである。更に、文化芸術は、それ自体が固有の意義と価値を有するとともに、それぞれの国やそれぞれの時代における国民共通のよりどころとして重要な意味を持ち、国際化が進展する中にあって、自己認識の基点となり、文化的な伝統を尊重する心を育てるものである。我々は、このような文化芸術の役割が今後においても変わることなく、心豊かな活力ある社会の形成にとって極めて重要な意義を持ち続けると確信する。しかるに、現状をみるに、経済的な豊かさの中にありながら、文化芸術がその役割を果たすことができるような基盤の整備及び環境の形成は十分な状態にあるとはいえない。二十一世紀を迎えた今、文化芸術により生み出される様々な価値を生かして、これまで培われてきた伝統的な文化芸術を継承し、発展させるとともに、独創性のある新たな文化芸術の創造を促進することは、我々に課された緊要な課題となっている。このような事態に対処して、我が国の文化芸術の振興を図るためには、文化芸術の礎たる表現の自由の重要性を深く認識し、文化芸術活動を行う者の自主性を尊重することを旨としつつ、文化芸術を国民の身近なものとし、それを尊重し大切にするよう包括的に施策を推進していくことが不可欠である。ここに、文化芸術に関する施策についての基本理念を明らかにしてその方向を示し、文化芸術に関する施策を総合的かつ計画的に推進するため、この法律を制定する。",https://elaws.e-gov.go.jp/document?lawid=413AC1000000148
"少子化社会対策基本法","我が国における急速な少子化の進展は、平均寿命の伸長による高齢者の増加とあいまって、我が国の人口構造にひずみを生じさせ、二十一世紀の国民生活に、深刻かつ多大な影響をもたらす。我らは、紛れもなく、有史以来の未曾ぞ有の事態に直面している。しかしながら、我らはともすれば高齢社会に対する対応にのみ目を奪われ、少子化という、社会の根幹を揺るがしかねない事態に対する国民の意識や社会の対応は、著しく遅れている。少子化は、社会における様々なシステムや人々の価値観と深くかかわっており、この事態を克服するためには、長期的な展望に立った不断の努力の積重ねが不可欠で、極めて長い時間を要する。急速な少子化という現実を前にして、我らに残された時間は、極めて少ない。もとより、結婚や出産は個人の決定に基づくものではあるが、こうした事態に直面して、家庭や子育てに夢を持ち、かつ、次代の社会を担う子どもを安心して生み、育てることができる環境を整備し、子どもがひとしく心身ともに健やかに育ち、子どもを生み、育てる者が真に誇りと喜びを感じることのできる社会を実現し、少子化の進展に歯止めをかけることが、今、我らに、強く求められている。生命を尊び、豊かで安心して暮らすことのできる社会の実現に向け、新たな一歩を踏み出すことは、我らに課せられている喫緊の課題である。ここに、少子化社会において講ぜられる施策の基本理念を明らかにし、少子化に的確に対処するための施策を総合的に推進するため、この法律を制定する。",https://elaws.e-gov.go.jp/document?lawid=415AC1000000133
"犯罪被害者等基本法","安全で安心して暮らせる社会を実現することは、国民すべての願いであるとともに、国の重要な責務であり、我が国においては、犯罪等を抑止するためのたゆみない努力が重ねられてきた。しかしながら、近年、様々な犯罪等が跡を絶たず、それらに巻き込まれた犯罪被害者等の多くは、これまでその権利が尊重されてきたとは言い難いばかりか、十分な支援を受けられず、社会において孤立することを余儀なくされてきた。さらに、犯罪等による直接的な被害にとどまらず、その後も副次的な被害に苦しめられることも少なくなかった。もとより、犯罪等による被害について第一義的責任を負うのは、加害者である。しかしながら、犯罪等を抑止し、安全で安心して暮らせる社会の実現を図る責務を有する我々もまた、犯罪被害者等の声に耳を傾けなければならない。国民の誰もが犯罪被害者等となる可能性が高まっている今こそ、犯罪被害者等の視点に立った施策を講じ、その権利利益の保護が図られる社会の実現に向けた新たな一歩を踏み出さなければならない。ここに、犯罪被害者等のための施策の基本理念を明らかにしてその方向を示し、国、地方公共団体及びその他の関係機関並びに民間の団体等の連携の下、犯罪被害者等のための施策を総合的かつ計画的に推進するため、この法律を制定する。",https://elaws.e-gov.go.jp/document?lawid=416AC1000000161
"食育基本法","二十一世紀における我が国の発展のためには、子どもたちが健全な心と身体を培い、未来や国際社会に向かって羽ばたくことができるようにするとともに、すべての国民が心身の健康を確保し、生涯にわたって生き生きと暮らすことができるようにすることが大切である。子どもたちが豊かな人間性をはぐくみ、生きる力を身に付けていくためには、何よりも「食」が重要である。今、改めて、食育を、生きる上での基本であって、知育、徳育及び体育の基礎となるべきものと位置付けるとともに、様々な経験を通じて「食」に関する知識と「食」を選択する力を習得し、健全な食生活を実践することができる人間を育てる食育を推進することが求められている。もとより、食育はあらゆる世代の国民に必要なものであるが、子どもたちに対する食育は、心身の成長及び人格の形成に大きな影響を及ぼし、生涯にわたって健全な心と身体を培い豊かな人間性をはぐくんでいく基礎となるものである。一方、社会経済情勢がめまぐるしく変化し、日々忙しい生活を送る中で、人々は、毎日の「食」の大切さを忘れがちである。国民の食生活においては、栄養の偏り、不規則な食事、肥満や生活習慣病の増加、過度の痩そう身志向などの問題に加え、新たな「食」の安全上の問題や、「食」の海外への依存の問題が生じており、「食」に関する情報が社会に氾はん濫する中で、人々は、食生活の改善の面からも、「食」の安全の確保の面からも、自ら「食」のあり方を学ぶことが求められている。また、豊かな緑と水に恵まれた自然の下で先人からはぐくまれてきた、地域の多様性と豊かな味覚や文化の香りあふれる日本の「食」が失われる危機にある。こうした「食」をめぐる環境の変化の中で、国民の「食」に関する考え方を育て、健全な食生活を実現することが求められるとともに、都市と農山漁村の共生・対流を進め、「食」に関する消費者と生産者との信頼関係を構築して、地域社会の活性化、豊かな食文化の継承及び発展、環境と調和のとれた食料の生産及び消費の推進並びに食料自給率の向上に寄与することが期待されている。国民一人一人が「食」について改めて意識を高め、自然の恩恵や「食」に関わる人々の様々な活動への感謝の念や理解を深めつつ、「食」に関して信頼できる情報に基づく適切な判断を行う能力を身に付けることによって、心身の健康を増進する健全な食生活を実践するために、今こそ、家庭、学校、保育所、地域等を中心に、国民運動として、食育の推進に取り組んでいくことが、我々に課せられている課題である。さらに、食育の推進に関する我が国の取組が、海外との交流等を通じて食育に関して国際的に貢献することにつながることも期待される。ここに、食育について、基本理念を明らかにしてその方向性を示し、国、地方公共団体及び国民の食育の推進に関する取組を総合的かつ計画的に推進するため、この法律を制定する。",https://elaws.e-gov.go.jp/document?lawid=417AC1000000063
"観光立国推進基本法","観光は、国際平和と国民生活の安定を象徴するものであって、その持続的な発展は、恒久の平和と国際社会の相互理解の増進を念願し、健康で文化的な生活を享受しようとする我らの理想とするところである。また、観光は、地域経済の活性化、雇用の機会の増大等国民経済のあらゆる領域にわたりその発展に寄与するとともに、健康の増進、潤いのある豊かな生活環境の創造等を通じて国民生活の安定向上に貢献するものであることに加え、国際相互理解を増進するものである。我らは、このような使命を有する観光が、今後、我が国において世界に例を見ない水準の少子高齢社会の到来と本格的な国際交流の進展が見込まれる中で、地域における創意工夫を生かした主体的な取組を尊重しつつ、地域の住民が誇りと愛着を持つことのできる活力に満ちた地域社会の実現を促進し、我が国固有の文化、歴史等に関する理解を深めるものとしてその意義を一層高めるとともに、豊かな国民生活の実現と国際社会における名誉ある地位の確立に極めて重要な役割を担っていくものと確信する。しかるに、現状をみるに、観光がその使命を果たすことができる観光立国の実現に向けた環境の整備は、いまだ不十分な状態である。また、国民のゆとりと安らぎを求める志向の高まり等を背景とした観光旅行者の需要の高度化、少人数による観光旅行の増加等観光旅行の形態の多様化、観光分野における国際競争の一層の激化等の近年の観光をめぐる諸情勢の著しい変化への的確な対応は、十分に行われていない。これに加え、我が国を来訪する外国人観光旅客数等の状況も、国際社会において我が国の占める地位にふさわしいものとはなっていない。これらに適切に対処し、地域において国際競争力の高い魅力ある観光地を形成するとともに、観光産業の国際競争力の強化及び観光の振興に寄与する人材の育成、国際観光の振興を図ること等により、観光立国を実現することは、二十一世紀の我が国経済社会の発展のために不可欠な重要課題である。ここに、観光立国の実現に関する施策を総合的かつ計画的に推進するため、この法律を制定する。",https://elaws.e-gov.go.jp/document?lawid=418AC1000000117
"教育基本法","我々日本国民は、たゆまぬ努力によって築いてきた民主的で文化的な国家を更に発展させるとともに、世界の平和と人類の福祉の向上に貢献することを願うものである。我々は、この理想を実現するため、個人の尊厳を重んじ、真理と正義を希求し、公共の精神を尊び、豊かな人間性と創造性を備えた人間の育成を期するとともに、伝統を継承し、新しい文化の創造を目指す教育を推進する。ここに、我々は、日本国憲法の精神にのっとり、我が国の未来を切り拓ひらく教育の基本を確立し、その振興を図るため、この法律を制定する。",https://elaws.e-gov.go.jp/document?lawid=418AC0000000120
"生物多様性基本法","生命の誕生以来、生物は数十億年の歴史を経て様々な環境に適応して進化し、今日、地球上には、多様な生物が存在するとともに、これを取り巻く大気、水、土壌等の環境の自然的構成要素との相互作用によって多様な生態系が形成されている。人類は、生物の多様性のもたらす恵沢を享受することにより生存しており、生物の多様性は人類の存続の基盤となっている。また、生物の多様性は、地域における固有の財産として地域独自の文化の多様性をも支えている。一方、生物の多様性は、人間が行う開発等による生物種の絶滅や生態系の破壊、社会経済情勢の変化に伴う人間の活動の縮小による里山等の劣化、外来種等による生態系のかく乱等の深刻な危機に直面している。また、近年急速に進みつつある地球温暖化等の気候変動は、生物種や生態系が適応できる速度を超え、多くの生物種の絶滅を含む重大な影響を与えるおそれがあることから、地球温暖化の防止に取り組むことが生物の多様性の保全の観点からも大きな課題となっている。国際的な視点で見ても、森林の減少や劣化、乱獲による海洋生物資源の減少など生物の多様性は大きく損なわれている。我が国の経済社会が、国際的に密接な相互依存関係の中で営まれていることにかんがみれば、生物の多様性を確保するために、我が国が国際社会において先導的な役割を担うことが重要である。我らは、人類共通の財産である生物の多様性を確保し、そのもたらす恵沢を将来にわたり享受できるよう、次の世代に引き継いでいく責務を有する。今こそ、生物の多様性を確保するための施策を包括的に推進し、生物の多様性への影響を回避し又は最小としつつ、その恵沢を将来にわたり享受できる持続可能な社会の実現に向けた新たな一歩を踏み出さなければならない。ここに、生物の多様性の保全及び持続可能な利用についての基本原則を明らかにしてその方向性を示し、関連する施策を総合的かつ計画的に推進するため、この法律を制定する。",https://elaws.e-gov.go.jp/document?lawid=420AC1000000058
"肝炎対策基本法","今日、我が国には、肝炎ウイルスに感染し、あるいは肝炎に罹患した者が多数存在し、肝炎が国内最大の感染症となっている。肝炎は、適切な治療を行わないまま放置すると慢性化し、肝硬変、肝がんといったより重篤な疾病に進行するおそれがあることから、これらの者にとって、将来への不安は計り知れないものがある。戦後の医療の進歩、医学的知見の積重ね、科学技術の進展により、肝炎の克服に向けた道筋が開かれてきたが、他方で、現在においても、早期発見や医療へのアクセスにはいまだ解決すべき課題が多く、さらには、肝炎ウイルスや肝炎に対する正しい理解が、国民すべてに定着しているとは言えない。Ｂ型肝炎及びＣ型肝炎に係るウイルスへの感染については、国の責めに帰すべき事由によりもたらされ、又はその原因が解明されていなかったことによりもたらされたものがある。特定の血液凝固因子製剤にＣ型肝炎ウイルスが混入することによって不特定多数の者に感染被害を出した薬害肝炎事件では、感染被害者の方々に甚大な被害が生じ、その被害の拡大を防止し得なかったことについて国が責任を認め、集団予防接種の際の注射器の連続使用によってＢ型肝炎ウイルスの感染被害を出した予防接種禍事件では、最終の司法判断において国の責任が確定している。このような現状において、肝炎ウイルスの感染者及び肝炎患者の人権を尊重しつつ、これらの者に対する良質かつ適切な医療の提供を確保するなど、肝炎の克服に向けた取組を一層進めていくことが求められている。ここに、肝炎対策に係る施策について、その基本理念を明らかにするとともに、これを総合的に推進するため、この法律を制定する。",https://elaws.e-gov.go.jp/document?lawid=421AC1000000097
"スポーツ基本法","スポーツは、世界共通の人類の文化である。スポーツは、心身の健全な発達、健康及び体力の保持増進、精神的な充足感の獲得、自律心その他の精神の涵養等のために個人又は集団で行われる運動競技その他の身体活動であり、今日、国民が生涯にわたり心身ともに健康で文化的な生活を営む上で不可欠のものとなっている。スポーツを通じて幸福で豊かな生活を営むことは、全ての人々の権利であり、全ての国民がその自発性の下に、各々の関心、適性等に応じて、安全かつ公正な環境の下で日常的にスポーツに親しみ、スポーツを楽しみ、又はスポーツを支える活動に参画することのできる機会が確保されなければならない。スポーツは、次代を担う青少年の体力を向上させるとともに、他者を尊重しこれと協同する精神、公正さと規律を尊ぶ態度や克己心を培い、実践的な思考力や判断力を育む等人格の形成に大きな影響を及ぼすものである。また、スポーツは、人と人との交流及び地域と地域との交流を促進し、地域の一体感や活力を醸成するものであり、人間関係の希薄化等の問題を抱える地域社会の再生に寄与するものである。さらに、スポーツは、心身の健康の保持増進にも重要な役割を果たすものであり、健康で活力に満ちた長寿社会の実現に不可欠である。スポーツ選手の不断の努力は、人間の可能性の極限を追求する有意義な営みであり、こうした努力に基づく国際競技大会における日本人選手の活躍は、国民に誇りと喜び、夢と感動を与え、国民のスポーツへの関心を高めるものである。これらを通じて、スポーツは、我が国社会に活力を生み出し、国民経済の発展に広く寄与するものである。また、スポーツの国際的な交流や貢献が、国際相互理解を促進し、国際平和に大きく貢献するなど、スポーツは、我が国の国際的地位の向上にも極めて重要な役割を果たすものである。そして、地域におけるスポーツを推進する中から優れたスポーツ選手が育まれ、そのスポーツ選手が地域におけるスポーツの推進に寄与することは、スポーツに係る多様な主体の連携と協働による我が国のスポーツの発展を支える好循環をもたらすものである。このような国民生活における多面にわたるスポーツの果たす役割の重要性に鑑み、スポーツ立国を実現することは、二十一世紀の我が国の発展のために不可欠な重要課題である。ここに、スポーツ立国の実現を目指し、国家戦略として、スポーツに関する施策を総合的かつ計画的に推進するため、この法律を制定する。",https://elaws.e-gov.go.jp/document?lawid=423AC1000000078
"強くしなやかな国民生活の実現を図るための防災・減災等に資する国土強靱化基本法","我が国は、地理的及び自然的な特性から、多くの大規模自然災害等による被害を受け、自然の猛威は想像を超える悲惨な結果をもたらしてきた。我々は、東日本大震災の際、改めて自然の猛威の前に立ち尽くすとともに、その猛威からは逃れることができないことを思い知らされた。我が国においては、二十一世紀前半に南海トラフ沿いで大規模な地震が発生することが懸念されており、加えて、首都直下地震、火山の噴火等による大規模自然災害等が発生するおそれも指摘されている。さらに、地震、火山の噴火等による大規模自然災害等が連続して発生する可能性も想定する必要がある。これらの大規模自然災害等が想定される最大の規模で発生した場合、東日本大震災を超える甚大な被害が発生し、まさに国難ともいえる状況となるおそれがある。また、近年、地震、台風、局地的な豪雨等による大規模自然災害等が各地で頻発している。我々は、このような自然の猛威から目をそらしてはならず、その猛威に正面から向き合わなければならない。このような大規模自然災害等から国民の生命、身体及び財産を保護し、並びに国民生活及び国民経済を守ることは、国が果たすべき基本的な責任の一つである。もっとも、様々な災害が多発する我が国において、求められる事前防災及び減災に係る施策には限りがなく、他方、当該施策を実施するための財源は限られている。今すぐにでも発生し得る大規模自然災害等に備えて早急に事前防災及び減災に係る施策を進めるためには、大規模自然災害等に対する脆弱性を評価し、優先順位を定め、事前に的確な施策を実施して大規模自然災害等に強い国土及び地域を作るとともに、自らの生命及び生活を守ることができるよう地域住民の力を向上させることが必要である。また、大規模自然災害等から国及び国民を守るためには、大規模自然災害等の発生から七十二時間を経過するまでの間において、人員、物資、資金等の資源を、優先順位を付けて大規模かつ集中的に投入することができるよう、事前に備えておくことが必要である。このためには、国や地方公共団体だけではなく、地域住民、企業、関係団体等も含めて被災状況等の情報を共有すること、平時から大規模自然災害等に備えておくこと及び新たな技術革新に基づく最先端の技術や装置を活用することが不可欠である。加えて、東日本大震災により甚大な被害を受けた地域の復旧復興に国を挙げて取り組み、災害に強くしなやかな地域社会を再構築することを通じて被災地に希望を与えることも重要である。さらに、我が国のこのような大規模自然災害等に備える取組を諸外国に発信することにより、国際競争力の向上に資するとともに災害対策の国際的な水準の向上に寄与することも、東日本大震災を経験した我が国が果たすべき使命の一つである。ここに、強くしなやかな国民生活の実現を図る国土強靱化の取組を推進するため、この法律を制定する。",https://elaws.e-gov.go.jp/document?lawid=425AC1000000095
"水循環基本法","水は生命の源であり、絶えず地球上を循環し、大気、土壌等の他の環境の自然的構成要素と相互に作用しながら、人を含む多様な生態系に多大な恩恵を与え続けてきた。また、水は循環する過程において、人の生活に潤いを与え、産業や文化の発展に重要な役割を果たしてきた。特に、我が国は、国土の多くが森林で覆われていること等により水循環の恩恵を大いに享受し、長い歴史を経て、豊かな社会と独自の文化を作り上げることができた。しかるに、近年、都市部への人口の集中、産業構造の変化、地球温暖化に伴う気候変動等の様々な要因が水循環に変化を生じさせ、それに伴い、渇水、洪水、水質汚濁、生態系への影響等様々な問題が顕著となってきている。このような現状に鑑み、水が人類共通の財産であることを再認識し、水が健全に循環し、そのもたらす恵沢を将来にわたり享受できるよう、健全な水循環を維持し、又は回復するための施策を包括的に推進していくことが不可欠である。ここに、水循環に関する施策について、その基本理念を明らかにするとともに、これを総合的かつ一体的に推進するため、この法律を制定する。",https://elaws.e-gov.go.jp/document?lawid=426AC0100000016
"国立国会図書館法",国立国会図書館は、真理がわれらを自由にするという確信に立つて、憲法の誓約する日本の民主化と世界平和とに寄与することを使命として、ここに設立される。,https://elaws.e-gov.go.jp/document?lawid=323AC1000000005
"日本学術会議法",日本学術会議は、科学が文化国家の基礎であるという確信に立つて、科学者の総意の下に、わが国の平和的復興、人類社会の福祉に貢献し、世界の学界と提携して学術の進歩に寄与することを使命とし、ここに設立される。,https://elaws.e-gov.go.jp/document?lawid=323AC0000000121
"ユネスコ活動に関する法律",日本国民は、国際連合教育科学文化機関が世界平和の確立と人類の福祉の増進に貢献しつつあることの意義を高く評価し、この機関に加盟することによつて得た日本の国際的地位にかんがみ、政府及び国民の活動によりその事業に積極的に協力することを決意し、教育、科学及び文化を通じて、国際連合憲章、国際連合教育科学文化機関憲章及び世界人権宣言の精神の実現を図るため、ここにこの法律を制定する。,https://elaws.e-gov.go.jp/document?lawid=327AC0000000207
"国会等の移転に関する法律","我が国は、国民のたゆみない努力により今次の大戦による荒廃の中から立ち上がり、かつてない経済的繁栄を築き上げてきた。そして今日、精神的充足を求める気運の増大、多様な地域文化をはぐくむことや全世界との連携を強化することについての認識の高まりに見られるように、時代は大きく変わろうとしている。しかるに、我が国の現状は、政治、経済、文化等の中枢機能が東京圏に過度に集中したことにより、人口の過密、地価の高騰、生活環境の悪化、大規模災害時における危険の増大等の問題が深刻化する一方で、地方における過疎、経済的停滞、文化の画一化等の問題が生じるに至っている。これらの諸問題は、単に国土の適正な利用を図るという観点からのみでなく、時代の変化に対応した新しい社会を築く上で、大きな桎梏となっている。とりわけ、阪神・淡路大震災による未曾有の被害の発生により、大規模災害時において災害対策の中枢機能を確保することの重要性について改めて認識したところである。このような状況にかんがみ、一極集中を排除し、多極分散型国土の形成に資するとともに、地震等の大規模災害に対する脆弱性を克服するため、世界都市としての東京都の整備に配慮しつつ、国会等の東京圏外への移転の具体化について積極的に検討を進めることは、我が国が新しい社会を建設するため、極めて緊要なことである。もとより、国会等の移転のみで問題が解決するものではなく、これと併せ、地方分権その他の行財政の改革等を推進することにより、自主的で創造的な地域社会の実現を図っていくことが肝要であり、また国会等の移転をそのような改革の契機として活用していくことが重要であると確信する。ここに、国会等の移転を目指して、その具体化の推進のために積極的な検討を行うべきことを明らかにし、そのための国の責務、基本指針、移転先候補地の選定体制等について定めるため、この法律を制定する。",https://elaws.e-gov.go.jp/document?lawid=404AC1000000109
"原子爆弾被爆者に対する援護に関する法律","昭和二十年八月、広島市及び長崎市に投下された原子爆弾という比類のない破壊兵器は、幾多の尊い生命を一瞬にして奪ったのみならず、たとい一命をとりとめた被爆者にも、生涯いやすことのできない傷跡と後遺症を残し、不安の中での生活をもたらした。このような原子爆弾の放射能に起因する健康被害に苦しむ被爆者の健康の保持及び増進並びに福祉を図るため、原子爆弾被爆者の医療等に関する法律及び原子爆弾被爆者に対する特別措置に関する法律を制定し、医療の給付、医療特別手当等の支給をはじめとする各般の施策を講じてきた。また、我らは、再びこのような惨禍が繰り返されることがないようにとの固い決意の下、世界唯一の原子爆弾の被爆国として、核兵器の究極的廃絶と世界の恒久平和の確立を全世界に訴え続けてきた。ここに、被爆後五十年のときを迎えるに当たり、我らは、核兵器の究極的廃絶に向けての決意を新たにし、原子爆弾の惨禍が繰り返されることのないよう、恒久の平和を念願するとともに、国の責任において、原子爆弾の投下の結果として生じた放射能に起因する健康被害が他の戦争被害とは異なる特殊の被害であることにかんがみ、高齢化の進行している被爆者に対する保健、医療及び福祉にわたる総合的な援護対策を講じ、あわせて、国として原子爆弾による死没者の尊い犠牲を銘記するため、この法律を制定する。",https://elaws.e-gov.go.jp/document?lawid=406AC0000000117
"感染症の予防及び感染症の患者に対する医療に関する法律","人類は、これまで、疾病、とりわけ感染症により、多大の苦難を経験してきた。ペスト、痘そう、コレラ等の感染症の流行は、時には文明を存亡の危機に追いやり、感染症を根絶することは、正に人類の悲願と言えるものである。医学医療の進歩や衛生水準の著しい向上により、多くの感染症が克服されてきたが、新たな感染症の出現や既知の感染症の再興により、また、国際交流の進展等に伴い、感染症は、新たな形で、今なお人類に脅威を与えている。一方、我が国においては、過去にハンセン病、後天性免疫不全症候群等の感染症の患者等に対するいわれのない差別や偏見が存在したという事実を重く受け止め、これを教訓として今後に生かすことが必要である。このような感染症をめぐる状況の変化や感染症の患者等が置かれてきた状況を踏まえ、感染症の患者等の人権を尊重しつつ、これらの者に対する良質かつ適切な医療の提供を確保し、感染症に迅速かつ適確に対応することが求められている。ここに、このような視点に立って、これまでの感染症の予防に関する施策を抜本的に見直し、感染症の予防及び感染症の患者に対する医療に関する総合的な施策の推進を図るため、この法律を制定する。",https://elaws.e-gov.go.jp/document?lawid=410AC0000000114
"配偶者からの暴力の防止及び被害者の保護等に関する法律","我が国においては、日本国憲法に個人の尊重と法の下の平等がうたわれ、人権の擁護と男女平等の実現に向けた取組が行われている。ところが、配偶者からの暴力は、犯罪となる行為をも含む重大な人権侵害であるにもかかわらず、被害者の救済が必ずしも十分に行われてこなかった。また、配偶者からの暴力の被害者は、多くの場合女性であり、経済的自立が困難である女性に対して配偶者が暴力を加えることは、個人の尊厳を害し、男女平等の実現の妨げとなっている。このような状況を改善し、人権の擁護と男女平等の実現を図るためには、配偶者からの暴力を防止し、被害者を保護するための施策を講ずることが必要である。このことは、女性に対する暴力を根絶しようと努めている国際社会における取組にも沿うものである。ここに、配偶者からの暴力に係る通報、相談、保護、自立支援等の体制を整備することにより、配偶者からの暴力の防止及び被害者の保護を図るため、この法律を制定する。",https://elaws.e-gov.go.jp/document?lawid=413AC0100000031
"ハンセン病療養所入所者等に対する補償金の支給等に関する法律","ハンセン病の患者は、これまで、偏見と差別の中で多大の苦痛と苦難を強いられてきた。我が国においては、昭和二十八年制定の「らい予防法」においても引き続きハンセン病の患者に対する隔離政策がとられ、加えて、昭和三十年代に至ってハンセン病に対するそれまでの認識の誤りが明白となったにもかかわらず、なお、依然としてハンセン病に対する誤った認識が改められることなく、隔離政策の変更も行われることなく、ハンセン病の患者であった者等にいたずらに耐え難い苦痛と苦難を継続せしめるままに経過し、ようやく「らい予防法の廃止に関する法律」が施行されたのは平成八年であった。我らは、これらの悲惨な事実を悔悟と反省の念を込めて深刻に受け止め、深くおわびするとともに、ハンセン病の患者であった者等に対するいわれのない偏見を根絶する決意を新たにするものである。ここに、ハンセン病の患者であった者等のいやし難い心身の傷跡の回復と今後の生活の平穏に資することを希求して、ハンセン病療養所入所者等がこれまでに被った精神的苦痛を慰謝するとともに、ハンセン病の患者であった者等の名誉の回復及び福祉の増進を図り、あわせて、死没者に対する追悼の意を表するため、この法律を制定する。",https://elaws.e-gov.go.jp/document?lawid=413AC1000000063
"ドミニカ移住者に対する特別一時金の支給等に関する法律","昭和三十一年から昭和三十四年までの間に実施されたドミニカ共和国への移住においては、国が企画及び立案を行い、財団法人日本海外協会連合会が移住者の募集等の実施事務を行うことによりその事業が進められたところ、その全期間を通じて、入植予定地の事前調査や移住条件についての情報提供が適切に行われなかったこと等により、移住者の生活基盤の構築に多大な困難を生じさせ、その後の同国の社会経済情勢の著しい変動や全土にわたる自然災害の頻発等とあいまって、移住者は、長年にわたる労苦を余儀なくされた。このように、同国への移住については、他の移住先には見られない特有かつ特別の事情があったと認められる。ここに、移住者に多大な労苦をかけたことについて、国として率直に反省し、特別一時金を支給すること等により、移住者の努力に報い、かつ、移住者が幾多の苦境を乗り越えて我が国とドミニカ共和国との友好関係の発展に寄与してきたことに深い敬意を表するとともに、かつての同国への移住に関する経緯を超え、引き続き、両国の良好な関係の発展に資するよう、この法律を制定する。",https://elaws.e-gov.go.jp/document?lawid=418AC0100000103
"特定フィブリノゲン製剤及び特定血液凝固第IX因子製剤によるC型肝炎感染被害者を救済するための給付金の支給に関する特別措置法","フィブリノゲン製剤及び血液凝固第Ⅸ因子製剤にＣ型肝炎ウイルスが混入し、多くの方々が感染するという薬害事件が起き、感染被害者及びその遺族の方々は、長期にわたり、肉体的、精神的苦痛を強いられている。政府は、感染被害者の方々に甚大な被害が生じ、その被害の拡大を防止し得なかったことについての責任を認め、感染被害者及びその遺族の方々に心からおわびすべきである。さらに、今回の事件の反省を踏まえ、命の尊さを再認識し、医薬品による健康被害の再発防止に最善かつ最大の努力をしなければならない。もとより、医薬品を供給する企業には、製品の安全性の確保等について最善の努力を尽くす責任があり、本件においては、そのような企業の責任が問われるものである。Ｃ型肝炎ウイルスの感染被害を受けた方々からフィブリノゲン製剤及び血液凝固第Ⅸ因子製剤の製造等を行った企業及び国に対し、損害賠償を求める訴訟が提起されたが、これまでの五つの地方裁判所の判決においては、企業及び国が責任を負うべき期間等について判断が分かれ、現行法制の下で法的責任の存否を争う訴訟による解決を図ろうとすれば、さらに長期間を要することが見込まれている。一般に、血液製剤は適切に使用されれば人命を救うために不可欠の製剤であるが、フィブリノゲン製剤及び血液凝固第Ⅸ因子製剤によってＣ型肝炎ウイルスに感染した方々が、日々、症状の重篤化に対する不安を抱えながら生活を営んでいるという困難な状況に思いをいたすと、我らは、人道的観点から、早急に感染被害者の方々を投与の時期を問わず一律に救済しなければならないと考える。しかしながら、現行法制の下でこれらの製剤による感染被害者の方々の一律救済の要請にこたえるには、司法上も行政上も限界があることから、立法による解決を図ることとし、この法律を制定する。",https://elaws.e-gov.go.jp/document?lawid=420AC1000000002
"ハンセン病問題の解決の促進に関する法律","「らい予防法」を中心とする国の隔離政策により、ハンセン病の患者であった者等が地域社会において平穏に生活することを妨げられ、身体及び財産に係る被害その他社会生活全般にわたる人権上の制限、差別等を受けたことについて、平成十三年六月、我々は悔悟と反省の念を込めて深刻に受け止め、深くお詫びするとともに、「ハンセン病療養所入所者等に対する補償金の支給等に関する法律」を制定し、その精神的苦痛の慰謝並びに名誉の回復及び福祉の増進を図り、あわせて、死没者に対する追悼の意を表することとした。同法に基づき、ハンセン病の患者であった者等の精神的苦痛に対する慰謝と補償の問題は解決しつつあり、名誉の回復及び福祉の増進等に関しても一定の施策が講ぜられているところである。しかしながら、国の隔離政策に起因してハンセン病の患者であった者等が受けた身体及び財産に係る被害その他社会生活全般にわたる被害の回復には、未解決の問題が多く残されている。とりわけ、ハンセン病の患者であった者等が、地域社会から孤立することなく、良好かつ平穏な生活を営むことができるようにするための基盤整備は喫緊の課題であり、適切な対策を講ずることが急がれており、また、ハンセン病の患者であった者等に対する偏見と差別のない社会の実現に向けて、真摯しに取り組んでいかなければならない。ハンセン病の患者であった者等の家族についても、同様の未解決の問題が多く残されているため、「ハンセン病元患者家族に対する補償金の支給等に関する法律」を制定するとともに、これらの者が地域社会から孤立することなく、良好かつ平穏な生活を営むことができるようにするための基盤整備等を行い、偏見と差別のない社会の実現に真摯に取り組んでいかなければならない。ここに、ハンセン病の患者であった者等及びその家族の福祉の増進、名誉の回復等のための措置を講ずることにより、ハンセン病問題の解決の促進を図るため、この法律を制定する。",https://elaws.e-gov.go.jp/document?lawid=420AC1000000082
"水俣病被害者の救済及び水俣病問題の解決に関する特別措置法","水俣湾及び水俣川並びに阿賀野川に排出されたメチル水銀により発生した水俣病は、八代海の沿岸地域及び阿賀野川の下流地域において、甚大な健康被害と環境汚染をもたらすとともに、長年にわたり地域社会に深刻な影響を及ぼし続けた。水俣病が、今日においても未曾有の公害とされ、我が国における公害問題の原点とされるゆえんである。水俣病の被害に関しては、公害健康被害の補償等に関する法律の認定を受けた方々に対し補償が行われてきたが、水俣病の被害者が多大な苦痛を強いられるとともに、水俣病の被害についての無理解が生まれ、平穏な地域社会に不幸な亀裂がもたらされた。平成十六年のいわゆる関西訴訟最高裁判所判決において、国及び熊本県が長期間にわたって適切な対応をなすことができず、水俣病の被害の拡大を防止できなかったことについて責任を認められたところであり、政府としてその責任を認め、おわびをしなければならない。これまで水俣病問題については、平成七年の政治解決等により紛争の解決が図られてきたところであるが、平成十六年のいわゆる関西訴訟最高裁判所判決を機に、新たに水俣病問題をめぐって多くの方々が救済を求めており、その解決には、長期間を要することが見込まれている。こうした事態をこのまま看過することはできず、公害健康被害の補償等に関する法律に基づく判断条件を満たさないものの救済を必要とする方々を水俣病被害者として受け止め、その救済を図ることとする。これにより、地域における紛争を終結させ、水俣病問題の最終解決を図り、環境を守り、安心して暮らしていける社会を実現すべく、この法律を制定する。",https://elaws.e-gov.go.jp/document?lawid=421AC1000000081
"地域資源を活用した農林漁業者等による新事業の創出等及び地域の農林水産物の利用促進に関する法律","農山漁村は、長年にわたって我が国の豊かな風土と勤勉な国民性をはぐくみ、就業の機会を提供し、多様な文化を創造してきた。また、農林漁業の持続的かつ健全な発展は、その有する農林水産物等の安定的な供給の機能及び国土の保全等の多面にわたる機能が発揮されることにより、農山漁村の活力の維持向上に寄与するとともに、国民経済の健全な発展と国民生活の安定向上に貢献するものである。しかるに、我が国の農林漁業及び農山漁村は内外の様々な問題に直面しており、農林水産物価格の低迷等による所得の減少、高齢化や過疎化の進展等により、農山漁村の活力は著しく低下している。我々は、一次産業としての農林漁業と、二次産業としての製造業、三次産業としての小売業等の事業との総合的かつ一体的な推進を図り、地域資源を活用した新たな付加価値を生み出す六次産業化の取組と、地域の農林水産物の利用を促進することによる国産の農林水産物の消費を拡大する地産地消等の取組が相まって、農林漁業者の所得の確保を通じて農林漁業の持続的かつ健全な発展を可能とするとともに、農山漁村の活力の再生、消費者の利益の増進、食料自給率の向上等に重要な役割を担うものと確信する。同時に、これらの取組は、農山漁村に豊富に存在する土地、水その他の資源の有効な活用、地域における食品循環資源の再生利用、農林水産物の生産地と消費地との距離の縮減等を通じ、環境への負荷の低減に寄与することが大いに期待されるものである。ここに、このような視点に立ち、地域資源を活用した農林漁業者等による新事業の創出等に関する施策を講じて農山漁村における六次産業化を推進するとともに、国産の農林水産物の消費を拡大する地産地消等の促進に関する施策を総合的に推進するため、この法律を制定する。",https://elaws.e-gov.go.jp/document?lawid=422AC0000000067
"津波対策の推進に関する法律","津波は、平成二十三年三月十一日に発生した東日本大震災においても明らかになったように、一度発生すると、広域にわたり、国民の生命、身体及び財産に甚大な被害を及ぼすとともに、我が国の経済社会の健全な発展に深刻な影響を及ぼすおそれがある災害である。我が国は、過去幾度となく津波により甚大な被害を受け、また、東日本大震災により多くの尊い命を失ったことは、痛恨の極みである。さらに、東日本大震災では、原子力発電所の事故による災害の発生により、地域住民の生活及び我が国の経済社会に深刻な影響を及ぼしている。他方、津波は、その発生に際して国民が迅速かつ適切な行動をとることにより、人命に対する被害を相当程度軽減することができることから、津波及び津波による被害の特性、津波に備える必要性等に関する国民の理解と関心を深めることが特に重要であり、東日本大震災という未曽有の大災害を受け、その重要性が一層高まっている。我が国は、地殻の境界及びその周辺に位置し、常に、大規模な地震及びこれに伴う津波による被害を受ける危険にさらされており、多数の人命を奪った東日本大震災の惨禍を二度と繰り返すことのないよう、これまでの津波対策が必ずしも十分でなかったことを国として率直に反省し、津波に関する最新の知見及び先人の知恵、行動その他の歴史的教訓を踏まえつつ、津波対策に万全を期する必要がある。ここに、津波に関する基本的認識を明らかにするとともに、津波対策を総合的かつ効果的に推進するため、この法律を制定する。",https://elaws.e-gov.go.jp/document?lawid=423AC1000000077
"劇場、音楽堂等の活性化に関する法律","我が国においては、劇場、音楽堂等をはじめとする文化的基盤については、それぞれの時代の変化により変遷を遂げながらも、国民のたゆまぬ努力により、地域の特性に応じて整備が進められてきた。劇場、音楽堂等は、文化芸術を継承し、創造し、及び発信する場であり、人々が集い、人々に感動と希望をもたらし、人々の創造性を育み、人々が共に生きる絆を形成するための地域の文化拠点である。また、劇場、音楽堂等は、個人の年齢若しくは性別又は個人を取り巻く社会的状況等にかかわりなく、全ての国民が、潤いと誇りを感じることのできる心豊かな生活を実現するための場として機能しなくてはならない。その意味で、劇場、音楽堂等は、常に活力ある社会を構築するための大きな役割を担っている。さらに現代社会においては、劇場、音楽堂等は、人々の共感と参加を得ることにより「新しい広場」として、地域コミュニティの創造と再生を通じて、地域の発展を支える機能も期待されている。また、劇場、音楽堂等は、国際化が進む中では、国際文化交流の円滑化を図り、国際社会の発展に寄与する「世界への窓」にもなることが望まれる。このように、劇場、音楽堂等は、国民の生活においていわば公共財ともいうべき存在である。これに加え、劇場、音楽堂等で創られ、伝えられてきた実演芸術は、無形の文化遺産でもあり、これを守り、育てていくとともに、このような実演芸術を創り続けていくことは、今を生きる世代の責務とも言える。我が国の劇場、音楽堂等については、これまで主に、施設の整備が先行して進められてきたが、今後は、そこにおいて行われる実演芸術に関する活動や、劇場、音楽堂等の事業を行うために必要な人材の養成等を強化していく必要がある。また、実演芸術に関する活動を行う団体の活動拠点が大都市圏に集中しており、地方においては、多彩な実演芸術に触れる機会が相対的に少ない状況が固定化している現状も改善していかなければならない。こうした劇場、音楽堂等を巡る課題を克服するためには、とりわけ、個人を含め社会全体が文化芸術の担い手であることについて国民に認識されるように、劇場、音楽堂等を設置し、又は運営する者、実演芸術に関する活動を行う団体及び芸術家、国及び地方公共団体、教育機関等が相互に連携協力して取り組む必要がある。また、文化芸術の特質を踏まえ、国及び地方公共団体が劇場、音楽堂等に関する施策を講ずるに当たっては、短期的な経済効率性を一律に求めるのではなく、長期的かつ継続的に行うよう配慮する必要がある。ここに、このような視点に立ち、文化芸術基本法の基本理念にのっとり、劇場、音楽堂等の役割を明らかにし、将来にわたって、劇場、音楽堂等がその役割を果たすための施策を総合的に推進し、心豊かな国民生活及び活力ある地域社会の実現並びに国際社会の調和ある発展を期するため、この法律を制定する。",https://elaws.e-gov.go.jp/document?lawid=424AC0100000049
"本邦外出身者に対する不当な差別的言動の解消に向けた取組の推進に関する法律","我が国においては、近年、本邦の域外にある国又は地域の出身であることを理由として、適法に居住するその出身者又はその子孫を、我が国の地域社会から排除することを煽動する不当な差別的言動が行われ、その出身者又はその子孫が多大な苦痛を強いられるとともに、当該地域社会に深刻な亀裂を生じさせている。もとより、このような不当な差別的言動はあってはならず、こうした事態をこのまま看過することは、国際社会において我が国の占める地位に照らしても、ふさわしいものではない。ここに、このような不当な差別的言動は許されないことを宣言するとともに、更なる人権教育と人権啓発などを通じて、国民に周知を図り、その理解と協力を得つつ、不当な差別的言動の解消に向けた取組を推進すべく、この法律を制定する。",https://elaws.e-gov.go.jp/document?lawid=428AC0100000068
"旧優生保護法に基づく優生手術等を受けた者に対する一時金の支給等に関する法律","昭和二十三年制定の旧優生保護法に基づき、あるいは旧優生保護法の存在を背景として、多くの方々が、特定の疾病や障害を有すること等を理由に、平成八年に旧優生保護法に定められていた優生手術に関する規定が削除されるまでの間において生殖を不能にする手術又は放射線の照射を受けることを強いられ、心身に多大な苦痛を受けてきた。このことに対して、我々は、それぞれの立場において、真摯に反省し、心から深くおわびする。今後、これらの方々の名誉と尊厳が重んぜられるとともに、このような事態を二度と繰り返すことのないよう、全ての国民が疾病や障害の有無によって分け隔てられることなく相互に人格と個性を尊重し合いながら共生する社会の実現に向けて、努力を尽くす決意を新たにするものである。ここに、国がこの問題に誠実に対応していく立場にあることを深く自覚し、この法律を制定する。",https://elaws.e-gov.go.jp/document?lawid=431AC1000000014
"食品ロスの削減の推進に関する法律","我が国においては、まだ食べることができる食品が、生産、製造、販売、消費等の各段階において日常的に廃棄され、大量の食品ロスが発生している。食品ロスの問題については、二千十五年九月二十五日の国際連合総会において採択された持続可能な開発のための二千三十アジェンダにおいて言及されるなど、その削減が国際的にも重要な課題となっており、また、世界には栄養不足の状態にある人々が多数存在する中で、とりわけ、大量の食料を輸入し、食料の多くを輸入に依存している我が国として、真摯に取り組むべき課題である。食品ロスを削減していくためには、国民各層がそれぞれの立場において主体的にこの課題に取り組み、社会全体として対応していくよう、食べ物を無駄にしない意識の醸成とその定着を図っていくことが重要である。また、まだ食べることができる食品については、廃棄することなく、貧困、災害等により必要な食べ物を十分に入手することができない人々に提供することを含め、できるだけ食品として活用するようにしていくことが重要である。ここに、国、地方公共団体、事業者、消費者等の多様な主体が連携し、国民運動として食品ロスの削減を推進するため、この法律を制定する。",https://elaws.e-gov.go.jp/document?lawid=501AC1000000019
"ハンセン病元患者家族に対する補償金の支給等に関する法律","「らい予防法」を中心とする国の隔離政策により、ハンセン病元患者は、これまで、偏見と差別の中で多大の苦痛と苦難を強いられてきた。その精神的苦痛に対する慰謝と補償の問題の解決等を図るため、平成十三年に「ハンセン病療養所入所者等に対する補償金の支給等に関する法律」が制定され、さらに、残された問題に対応し、その療養等の保障、福祉の増進及び名誉の回復等を図るため、平成二十年に「ハンセン病問題の解決の促進に関する法律」が制定された。しかるに、ハンセン病元患者家族等も、偏見と差別の中で、ハンセン病元患者との間で望んでいた家族関係を形成することが困難になる等長年にわたり多大の苦痛と苦難を強いられてきたにもかかわらず、その問題の重大性が認識されず、国会及び政府においてこれに対する取組がなされてこなかった。国会及び政府は、その悲惨な事実を悔悟と反省の念を込めて深刻に受け止め、深くおわびするとともに、ハンセン病元患者家族等に対するいわれのない偏見と差別を国民と共に根絶する決意を新たにするものである。ここに、国会及び政府が責任を持ってこの問題に誠実に対応していく立場にあることを深く自覚し、ハンセン病元患者家族等の癒し難い心の傷痕の回復と今後の生活の平穏に資することを希求して、ハンセン病元患者家族がこれまでに被った精神的苦痛を慰謝するとともに、ハンセン病元患者家族等の名誉の回復及び福祉の増進を図るため、この法律を制定する。",https://elaws.e-gov.go.jp/document?lawid=501AC1000000055
"過疎地域の持続的発展の支援に関する特別措置法","過疎地域は、食料、水及びエネルギーの安定的な供給、自然災害の発生の防止、生物の多様性の確保その他の自然環境の保全、多様な文化の継承、良好な景観の形成等の多面にわたる機能を有し、これらが発揮されることにより、国民の生活に豊かさと潤いを与え、国土の多様性を支えている。また、東京圏への人口の過度の集中により大規模な災害、感染症等による被害に関する危険の増大等の問題が深刻化している中、国土の均衡ある発展を図るため、過疎地域の担うべき役割は、一層重要なものとなっている。しかるに、過疎地域においては、人口の減少、少子高齢化の進展等他の地域と比較して厳しい社会経済情勢が長期にわたり継続しており、地域社会を担う人材の確保、地域経済の活性化、情報化、交通の機能の確保及び向上、医療提供体制の確保、教育環境の整備、集落の維持及び活性化、農地、森林等の適正な管理等が喫緊の課題となっている。このような状況に鑑み、近年における過疎地域への移住者の増加、革新的な技術の創出、情報通信技術を利用した働き方への取組といった過疎地域の課題の解決に資する動きを加速させ、これらの地域の自立に向けて、過疎地域における持続可能な地域社会の形成及び地域資源等を活用した地域活力の更なる向上が実現するよう、全力を挙げて取り組むことが極めて重要である。ここに、過疎地域の持続的発展に関する施策を総合的かつ計画的に推進するため、この法律を制定する。",https://elaws.e-gov.go.jp/document?lawid=503AC1000000019
